com/heypixel/heypixelmod/obsoverlay/a/a	com/heypixel/heypixelmod/obsoverlay/a/RecoveredAA
com/heypixel/heypixelmod/obsoverlay/a/b	com/heypixel/heypixelmod/obsoverlay/a/RecoveredAB
com/heypixel/heypixelmod/obsoverlay/a/c	com/heypixel/heypixelmod/obsoverlay/a/RecoveredAC
com/heypixel/heypixelmod/obsoverlay/a	com/heypixel/heypixelmod/obsoverlay/EixClient
com/heypixel/heypixelmod/obsoverlay/b/a	com/heypixel/heypixelmod/obsoverlay/b/RecoveredBA
com/heypixel/heypixelmod/obsoverlay/b/b	com/heypixel/heypixelmod/obsoverlay/b/RecoveredBB
com/heypixel/heypixelmod/obsoverlay/b	com/heypixel/heypixelmod/obsoverlay/RecoveredB
com/heypixel/heypixelmod/obsoverlay/c/a/a	com/heypixel/heypixelmod/obsoverlay/c/a/RecoveredCAA
com/heypixel/heypixelmod/obsoverlay/c/a/b	com/heypixel/heypixelmod/obsoverlay/c/a/RecoveredCAB
com/heypixel/heypixelmod/obsoverlay/c/a/c	com/heypixel/heypixelmod/obsoverlay/c/a/RecoveredCAC
com/heypixel/heypixelmod/obsoverlay/c/a	com/heypixel/heypixelmod/obsoverlay/c/RecoveredCA
com/heypixel/heypixelmod/obsoverlay/c/b	com/heypixel/heypixelmod/obsoverlay/c/RecoveredCB
com/heypixel/heypixelmod/obsoverlay/c/c	com/heypixel/heypixelmod/obsoverlay/c/RecoveredCC
com/heypixel/heypixelmod/obsoverlay/c/d	com/heypixel/heypixelmod/obsoverlay/c/RecoveredCD
com/heypixel/heypixelmod/obsoverlay/commands/a/a	com/heypixel/heypixelmod/obsoverlay/commands/a/RecoveredCommandsAA
com/heypixel/heypixelmod/obsoverlay/commands/a/b	com/heypixel/heypixelmod/obsoverlay/commands/a/RecoveredCommandsAB
com/heypixel/heypixelmod/obsoverlay/commands/a/c	com/heypixel/heypixelmod/obsoverlay/commands/a/RecoveredCommandsAC
com/heypixel/heypixelmod/obsoverlay/commands/a/d	com/heypixel/heypixelmod/obsoverlay/commands/a/RecoveredCommandsAD
com/heypixel/heypixelmod/obsoverlay/commands/a/e	com/heypixel/heypixelmod/obsoverlay/commands/a/RecoveredCommandsAE
com/heypixel/heypixelmod/obsoverlay/commands/a/f	com/heypixel/heypixelmod/obsoverlay/commands/a/RecoveredCommandsAF
com/heypixel/heypixelmod/obsoverlay/commands/a	com/heypixel/heypixelmod/obsoverlay/commands/RecoveredCommandsA
com/heypixel/heypixelmod/obsoverlay/commands/b	com/heypixel/heypixelmod/obsoverlay/commands/RecoveredCommandsB
com/heypixel/heypixelmod/obsoverlay/d/a/a	com/heypixel/heypixelmod/obsoverlay/d/a/RecoveredDAA
com/heypixel/heypixelmod/obsoverlay/d/a/b	com/heypixel/heypixelmod/obsoverlay/d/a/RecoveredDAB
com/heypixel/heypixelmod/obsoverlay/d/a/c	com/heypixel/heypixelmod/obsoverlay/d/a/RecoveredDAC
com/heypixel/heypixelmod/obsoverlay/d/a/d	com/heypixel/heypixelmod/obsoverlay/d/a/RecoveredDAD
com/heypixel/heypixelmod/obsoverlay/d/a/e	com/heypixel/heypixelmod/obsoverlay/d/a/RecoveredDAE
com/heypixel/heypixelmod/obsoverlay/d/a/f	com/heypixel/heypixelmod/obsoverlay/d/a/RecoveredDAF
com/heypixel/heypixelmod/obsoverlay/d/a	com/heypixel/heypixelmod/obsoverlay/d/RecoveredDA
com/heypixel/heypixelmod/obsoverlay/d/b	com/heypixel/heypixelmod/obsoverlay/d/RecoveredDB
com/heypixel/heypixelmod/obsoverlay/d/c	com/heypixel/heypixelmod/obsoverlay/d/RecoveredDC
com/heypixel/heypixelmod/obsoverlay/d/d	com/heypixel/heypixelmod/obsoverlay/d/RecoveredDD
com/heypixel/heypixelmod/obsoverlay/d/e	com/heypixel/heypixelmod/obsoverlay/d/RecoveredDE
com/heypixel/heypixelmod/obsoverlay/d/f	com/heypixel/heypixelmod/obsoverlay/d/RecoveredDF
com/heypixel/heypixelmod/obsoverlay/events/api/a/a	com/heypixel/heypixelmod/obsoverlay/events/api/a/RecoveredEventsApiAA
com/heypixel/heypixelmod/obsoverlay/events/api/a/b	com/heypixel/heypixelmod/obsoverlay/events/api/a/RecoveredEventsApiAB
com/heypixel/heypixelmod/obsoverlay/events/api/a	com/heypixel/heypixelmod/obsoverlay/events/api/RecoveredEventsApiA
com/heypixel/heypixelmod/obsoverlay/events/api/events/a/a	com/heypixel/heypixelmod/obsoverlay/events/api/events/a/RecoveredEventsApiEventsAA
com/heypixel/heypixelmod/obsoverlay/events/api/events/a/b	com/heypixel/heypixelmod/obsoverlay/events/api/events/a/RecoveredEventsApiEventsAB
com/heypixel/heypixelmod/obsoverlay/events/api/events/a	com/heypixel/heypixelmod/obsoverlay/events/api/events/RecoveredEventsApiEventsA
com/heypixel/heypixelmod/obsoverlay/events/api/events/b	com/heypixel/heypixelmod/obsoverlay/events/api/events/RecoveredEventsApiEventsB
com/heypixel/heypixelmod/obsoverlay/events/api/events/c	com/heypixel/heypixelmod/obsoverlay/events/api/events/RecoveredEventsApiEventsC
com/heypixel/heypixelmod/obsoverlay/events/impl/a	com/heypixel/heypixelmod/obsoverlay/events/impl/RecoveredEventsImplA
com/heypixel/heypixelmod/obsoverlay/events/impl/aa	com/heypixel/heypixelmod/obsoverlay/events/impl/RecoveredEventsImplAa
com/heypixel/heypixelmod/obsoverlay/events/impl/ab	com/heypixel/heypixelmod/obsoverlay/events/impl/RecoveredEventsImplAb
com/heypixel/heypixelmod/obsoverlay/events/impl/ac	com/heypixel/heypixelmod/obsoverlay/events/impl/RecoveredEventsImplAc
com/heypixel/heypixelmod/obsoverlay/events/impl/ad	com/heypixel/heypixelmod/obsoverlay/events/impl/RecoveredEventsImplAd
com/heypixel/heypixelmod/obsoverlay/events/impl/ae	com/heypixel/heypixelmod/obsoverlay/events/impl/RecoveredEventsImplAe
com/heypixel/heypixelmod/obsoverlay/events/impl/af	com/heypixel/heypixelmod/obsoverlay/events/impl/RecoveredEventsImplAf
com/heypixel/heypixelmod/obsoverlay/events/impl/ag	com/heypixel/heypixelmod/obsoverlay/events/impl/RecoveredEventsImplAg
com/heypixel/heypixelmod/obsoverlay/events/impl/b	com/heypixel/heypixelmod/obsoverlay/events/impl/RecoveredEventsImplB
com/heypixel/heypixelmod/obsoverlay/events/impl/c	com/heypixel/heypixelmod/obsoverlay/events/impl/RecoveredEventsImplC
com/heypixel/heypixelmod/obsoverlay/events/impl/d	com/heypixel/heypixelmod/obsoverlay/events/impl/RecoveredEventsImplD
com/heypixel/heypixelmod/obsoverlay/events/impl/e	com/heypixel/heypixelmod/obsoverlay/events/impl/RecoveredEventsImplE
com/heypixel/heypixelmod/obsoverlay/events/impl/f	com/heypixel/heypixelmod/obsoverlay/events/impl/RecoveredEventsImplF
com/heypixel/heypixelmod/obsoverlay/events/impl/g	com/heypixel/heypixelmod/obsoverlay/events/impl/RecoveredEventsImplG
com/heypixel/heypixelmod/obsoverlay/events/impl/h	com/heypixel/heypixelmod/obsoverlay/events/impl/RecoveredEventsImplH
com/heypixel/heypixelmod/obsoverlay/events/impl/i	com/heypixel/heypixelmod/obsoverlay/events/impl/RecoveredEventsImplI
com/heypixel/heypixelmod/obsoverlay/events/impl/j	com/heypixel/heypixelmod/obsoverlay/events/impl/RecoveredEventsImplJ
com/heypixel/heypixelmod/obsoverlay/events/impl/k	com/heypixel/heypixelmod/obsoverlay/events/impl/RecoveredEventsImplK
com/heypixel/heypixelmod/obsoverlay/events/impl/l	com/heypixel/heypixelmod/obsoverlay/events/impl/RecoveredEventsImplL
com/heypixel/heypixelmod/obsoverlay/events/impl/m	com/heypixel/heypixelmod/obsoverlay/events/impl/RecoveredEventsImplM
com/heypixel/heypixelmod/obsoverlay/events/impl/n	com/heypixel/heypixelmod/obsoverlay/events/impl/RecoveredEventsImplN
com/heypixel/heypixelmod/obsoverlay/events/impl/o	com/heypixel/heypixelmod/obsoverlay/events/impl/RecoveredEventsImplO
com/heypixel/heypixelmod/obsoverlay/events/impl/p	com/heypixel/heypixelmod/obsoverlay/events/impl/RecoveredEventsImplP
com/heypixel/heypixelmod/obsoverlay/events/impl/q	com/heypixel/heypixelmod/obsoverlay/events/impl/RecoveredEventsImplQ
com/heypixel/heypixelmod/obsoverlay/events/impl/r	com/heypixel/heypixelmod/obsoverlay/events/impl/RecoveredEventsImplR
com/heypixel/heypixelmod/obsoverlay/events/impl/s	com/heypixel/heypixelmod/obsoverlay/events/impl/RecoveredEventsImplS
com/heypixel/heypixelmod/obsoverlay/events/impl/t	com/heypixel/heypixelmod/obsoverlay/events/impl/RecoveredEventsImplT
com/heypixel/heypixelmod/obsoverlay/events/impl/u	com/heypixel/heypixelmod/obsoverlay/events/impl/RecoveredEventsImplU
com/heypixel/heypixelmod/obsoverlay/events/impl/v	com/heypixel/heypixelmod/obsoverlay/events/impl/RecoveredEventsImplV
com/heypixel/heypixelmod/obsoverlay/events/impl/w	com/heypixel/heypixelmod/obsoverlay/events/impl/RecoveredEventsImplW
com/heypixel/heypixelmod/obsoverlay/events/impl/x	com/heypixel/heypixelmod/obsoverlay/events/impl/RecoveredEventsImplX
com/heypixel/heypixelmod/obsoverlay/events/impl/y	com/heypixel/heypixelmod/obsoverlay/events/impl/RecoveredEventsImplY
com/heypixel/heypixelmod/obsoverlay/events/impl/z	com/heypixel/heypixelmod/obsoverlay/events/impl/RecoveredEventsImplZ
com/heypixel/heypixelmod/obsoverlay/modules/a	com/heypixel/heypixelmod/obsoverlay/modules/ModuleCategory
com/heypixel/heypixelmod/obsoverlay/modules/b	com/heypixel/heypixelmod/obsoverlay/modules/ClientModule
com/heypixel/heypixelmod/obsoverlay/modules/c	com/heypixel/heypixelmod/obsoverlay/modules/ModuleManager
com/heypixel/heypixelmod/obsoverlay/modules/impl/a/a	com/heypixel/heypixelmod/obsoverlay/modules/impl/a/AimAssistModule
com/heypixel/heypixelmod/obsoverlay/modules/impl/a/b	com/heypixel/heypixelmod/obsoverlay/modules/impl/a/AntiBotsModule
com/heypixel/heypixelmod/obsoverlay/modules/impl/a/c	com/heypixel/heypixelmod/obsoverlay/modules/impl/a/CrystalAuraModule
com/heypixel/heypixelmod/obsoverlay/modules/impl/a/d	com/heypixel/heypixelmod/obsoverlay/modules/impl/a/AutoClickerModule
com/heypixel/heypixelmod/obsoverlay/modules/impl/a/e	com/heypixel/heypixelmod/obsoverlay/modules/impl/a/AutoHealModule
com/heypixel/heypixelmod/obsoverlay/modules/impl/a/f	com/heypixel/heypixelmod/obsoverlay/modules/impl/a/AutoThrowModule
com/heypixel/heypixelmod/obsoverlay/modules/impl/a/g	com/heypixel/heypixelmod/obsoverlay/modules/impl/a/KeepSprintModule
com/heypixel/heypixelmod/obsoverlay/modules/impl/a/h	com/heypixel/heypixelmod/obsoverlay/modules/impl/a/KillAuraModule
com/heypixel/heypixelmod/obsoverlay/modules/impl/a/i	com/heypixel/heypixelmod/obsoverlay/modules/impl/a/TickBaseModule
com/heypixel/heypixelmod/obsoverlay/modules/impl/a/j	com/heypixel/heypixelmod/obsoverlay/modules/impl/a/VelocityModule
com/heypixel/heypixelmod/obsoverlay/modules/impl/b/a	com/heypixel/heypixelmod/obsoverlay/modules/impl/b/AntiFireballModule
com/heypixel/heypixelmod/obsoverlay/modules/impl/b/b	com/heypixel/heypixelmod/obsoverlay/modules/impl/b/AutoHeypixelModule
com/heypixel/heypixelmod/obsoverlay/modules/impl/b/c	com/heypixel/heypixelmod/obsoverlay/modules/impl/b/AutoSoupModule
com/heypixel/heypixelmod/obsoverlay/modules/impl/b/d	com/heypixel/heypixelmod/obsoverlay/modules/impl/b/AutoToolsModule
com/heypixel/heypixelmod/obsoverlay/modules/impl/b/e	com/heypixel/heypixelmod/obsoverlay/modules/impl/b/ChestStealerModule
com/heypixel/heypixelmod/obsoverlay/modules/impl/b/f	com/heypixel/heypixelmod/obsoverlay/modules/impl/b/ClientFriendModule
com/heypixel/heypixelmod/obsoverlay/modules/impl/b/g	com/heypixel/heypixelmod/obsoverlay/modules/impl/b/FastPlaceModule
com/heypixel/heypixelmod/obsoverlay/modules/impl/b/h	com/heypixel/heypixelmod/obsoverlay/modules/impl/b/GhostBedMineModule
com/heypixel/heypixelmod/obsoverlay/modules/impl/b/i	com/heypixel/heypixelmod/obsoverlay/modules/impl/b/GhostChestOpenModule
com/heypixel/heypixelmod/obsoverlay/modules/impl/b/j	com/heypixel/heypixelmod/obsoverlay/modules/impl/b/GhostHandModule
com/heypixel/heypixelmod/obsoverlay/modules/impl/b/k	com/heypixel/heypixelmod/obsoverlay/modules/impl/b/HelperModule
com/heypixel/heypixelmod/obsoverlay/modules/impl/b/l	com/heypixel/heypixelmod/obsoverlay/modules/impl/b/InventoryManagerModule
com/heypixel/heypixelmod/obsoverlay/modules/impl/b/m	com/heypixel/heypixelmod/obsoverlay/modules/impl/b/EffectTagsModule
com/heypixel/heypixelmod/obsoverlay/modules/impl/b/n	com/heypixel/heypixelmod/obsoverlay/modules/impl/b/MiddleClickModule
com/heypixel/heypixelmod/obsoverlay/modules/impl/b/o	com/heypixel/heypixelmod/obsoverlay/modules/impl/b/MusicPlayerModule
com/heypixel/heypixelmod/obsoverlay/modules/impl/b/p	com/heypixel/heypixelmod/obsoverlay/modules/impl/b/TargetModule
com/heypixel/heypixelmod/obsoverlay/modules/impl/b/q	com/heypixel/heypixelmod/obsoverlay/modules/impl/b/TeamsModule
com/heypixel/heypixelmod/obsoverlay/modules/impl/c/a	com/heypixel/heypixelmod/obsoverlay/modules/impl/c/AutoStuckModule
com/heypixel/heypixelmod/obsoverlay/modules/impl/c/b	com/heypixel/heypixelmod/obsoverlay/modules/impl/c/BlinkModule
com/heypixel/heypixelmod/obsoverlay/modules/impl/c/c	com/heypixel/heypixelmod/obsoverlay/modules/impl/c/EagleModule
com/heypixel/heypixelmod/obsoverlay/modules/impl/c/d	com/heypixel/heypixelmod/obsoverlay/modules/impl/c/FastWebModule
com/heypixel/heypixelmod/obsoverlay/modules/impl/c/e	com/heypixel/heypixelmod/obsoverlay/modules/impl/c/FlyModule
com/heypixel/heypixelmod/obsoverlay/modules/impl/c/f	com/heypixel/heypixelmod/obsoverlay/modules/impl/c/GrimFlyModule
com/heypixel/heypixelmod/obsoverlay/modules/impl/c/g	com/heypixel/heypixelmod/obsoverlay/modules/impl/c/GrimLowHopModule
com/heypixel/heypixelmod/obsoverlay/modules/impl/c/h	com/heypixel/heypixelmod/obsoverlay/modules/impl/c/GrimSpeedModule
com/heypixel/heypixelmod/obsoverlay/modules/impl/c/i	com/heypixel/heypixelmod/obsoverlay/modules/impl/c/LongJumpModule
com/heypixel/heypixelmod/obsoverlay/modules/impl/c/j	com/heypixel/heypixelmod/obsoverlay/modules/impl/c/NoFallModule
com/heypixel/heypixelmod/obsoverlay/modules/impl/c/k	com/heypixel/heypixelmod/obsoverlay/modules/impl/c/NoJumpDelayModule
com/heypixel/heypixelmod/obsoverlay/modules/impl/c/l	com/heypixel/heypixelmod/obsoverlay/modules/impl/c/NoSlowModule
com/heypixel/heypixelmod/obsoverlay/modules/impl/c/m	com/heypixel/heypixelmod/obsoverlay/modules/impl/c/SafeWalkModule
com/heypixel/heypixelmod/obsoverlay/modules/impl/c/n	com/heypixel/heypixelmod/obsoverlay/modules/impl/c/ScaffoldModule
com/heypixel/heypixelmod/obsoverlay/modules/impl/c/o	com/heypixel/heypixelmod/obsoverlay/modules/impl/c/SpeedModule
com/heypixel/heypixelmod/obsoverlay/modules/impl/c/p	com/heypixel/heypixelmod/obsoverlay/modules/impl/c/SprintModule
com/heypixel/heypixelmod/obsoverlay/modules/impl/c/q	com/heypixel/heypixelmod/obsoverlay/modules/impl/c/StuckModule
com/heypixel/heypixelmod/obsoverlay/modules/impl/render/a/a/a	com/heypixel/heypixelmod/obsoverlay/modules/impl/render/a/a/RecoveredModulesImplRenderAAA
com/heypixel/heypixelmod/obsoverlay/modules/impl/render/a/a/b	com/heypixel/heypixelmod/obsoverlay/modules/impl/render/a/a/RecoveredModulesImplRenderAAB
com/heypixel/heypixelmod/obsoverlay/modules/impl/render/a/a/c	com/heypixel/heypixelmod/obsoverlay/modules/impl/render/a/a/RecoveredModulesImplRenderAAC
com/heypixel/heypixelmod/obsoverlay/modules/impl/render/a/a	com/heypixel/heypixelmod/obsoverlay/modules/impl/render/a/RecoveredModulesImplRenderAA
com/heypixel/heypixelmod/obsoverlay/modules/impl/render/a	com/heypixel/heypixelmod/obsoverlay/modules/impl/render/AnimationsModule
com/heypixel/heypixelmod/obsoverlay/modules/impl/render/aa	com/heypixel/heypixelmod/obsoverlay/modules/impl/render/TargetHUDModule
com/heypixel/heypixelmod/obsoverlay/modules/impl/render/ab	com/heypixel/heypixelmod/obsoverlay/modules/impl/render/TestModule
com/heypixel/heypixelmod/obsoverlay/modules/impl/render/ac	com/heypixel/heypixelmod/obsoverlay/modules/impl/render/TimeChangerModule
com/heypixel/heypixelmod/obsoverlay/modules/impl/render/ad	com/heypixel/heypixelmod/obsoverlay/modules/impl/render/ViewClipModule
com/heypixel/heypixelmod/obsoverlay/modules/impl/render/ae	com/heypixel/heypixelmod/obsoverlay/modules/impl/render/WatermarkModule
com/heypixel/heypixelmod/obsoverlay/modules/impl/render/af	com/heypixel/heypixelmod/obsoverlay/modules/impl/render/WeatherModule
com/heypixel/heypixelmod/obsoverlay/modules/impl/render/b	com/heypixel/heypixelmod/obsoverlay/modules/impl/render/AntiBlindnessModule
com/heypixel/heypixelmod/obsoverlay/modules/impl/render/c	com/heypixel/heypixelmod/obsoverlay/modules/impl/render/AntiNauseaModule
com/heypixel/heypixelmod/obsoverlay/modules/impl/render/d	com/heypixel/heypixelmod/obsoverlay/modules/impl/render/ArrayListModule
com/heypixel/heypixelmod/obsoverlay/modules/impl/render/e	com/heypixel/heypixelmod/obsoverlay/modules/impl/render/BedESPModule
com/heypixel/heypixelmod/obsoverlay/modules/impl/render/f	com/heypixel/heypixelmod/obsoverlay/modules/impl/render/ChestESPModule
com/heypixel/heypixelmod/obsoverlay/modules/impl/render/g	com/heypixel/heypixelmod/obsoverlay/modules/impl/render/ClickGUIModule
com/heypixel/heypixelmod/obsoverlay/modules/impl/render/h	com/heypixel/heypixelmod/obsoverlay/modules/impl/render/CompassModule
com/heypixel/heypixelmod/obsoverlay/modules/impl/render/i	com/heypixel/heypixelmod/obsoverlay/modules/impl/render/EffectHUDModule
com/heypixel/heypixelmod/obsoverlay/modules/impl/render/j	com/heypixel/heypixelmod/obsoverlay/modules/impl/render/FovModule
com/heypixel/heypixelmod/obsoverlay/modules/impl/render/k	com/heypixel/heypixelmod/obsoverlay/modules/impl/render/FullBrightModule
com/heypixel/heypixelmod/obsoverlay/modules/impl/render/l	com/heypixel/heypixelmod/obsoverlay/modules/impl/render/GlowModule
com/heypixel/heypixelmod/obsoverlay/modules/impl/render/m	com/heypixel/heypixelmod/obsoverlay/modules/impl/render/HUDModule
com/heypixel/heypixelmod/obsoverlay/modules/impl/render/n	com/heypixel/heypixelmod/obsoverlay/modules/impl/render/HUDEditorModule
com/heypixel/heypixelmod/obsoverlay/modules/impl/render/o	com/heypixel/heypixelmod/obsoverlay/modules/impl/render/ItemTagsModule
com/heypixel/heypixelmod/obsoverlay/modules/impl/render/p	com/heypixel/heypixelmod/obsoverlay/modules/impl/render/KeyBindsModule
com/heypixel/heypixelmod/obsoverlay/modules/impl/render/q	com/heypixel/heypixelmod/obsoverlay/modules/impl/render/MotionBlurModule
com/heypixel/heypixelmod/obsoverlay/modules/impl/render/r	com/heypixel/heypixelmod/obsoverlay/modules/impl/render/NameProtectModule
com/heypixel/heypixelmod/obsoverlay/modules/impl/render/s	com/heypixel/heypixelmod/obsoverlay/modules/impl/render/NameTagsModule
com/heypixel/heypixelmod/obsoverlay/modules/impl/render/t	com/heypixel/heypixelmod/obsoverlay/modules/impl/render/NoHurtCamModule
com/heypixel/heypixelmod/obsoverlay/modules/impl/render/u	com/heypixel/heypixelmod/obsoverlay/modules/impl/render/NoRenderModule
com/heypixel/heypixelmod/obsoverlay/modules/impl/render/v	com/heypixel/heypixelmod/obsoverlay/modules/impl/render/NotificationModule
com/heypixel/heypixelmod/obsoverlay/modules/impl/render/w	com/heypixel/heypixelmod/obsoverlay/modules/impl/render/PostProcessModule
com/heypixel/heypixelmod/obsoverlay/modules/impl/render/x	com/heypixel/heypixelmod/obsoverlay/modules/impl/render/ScoreboardModule
com/heypixel/heypixelmod/obsoverlay/modules/impl/render/y	com/heypixel/heypixelmod/obsoverlay/modules/impl/render/ServerNameSpoofModule
com/heypixel/heypixelmod/obsoverlay/modules/impl/render/z	com/heypixel/heypixelmod/obsoverlay/modules/impl/render/TargetESPModule
com/heypixel/heypixelmod/obsoverlay/music/a/a	com/heypixel/heypixelmod/obsoverlay/music/a/RecoveredMusicAA
com/heypixel/heypixelmod/obsoverlay/music/a/b	com/heypixel/heypixelmod/obsoverlay/music/a/RecoveredMusicAB
com/heypixel/heypixelmod/obsoverlay/music/a/c	com/heypixel/heypixelmod/obsoverlay/music/a/RecoveredMusicAC
com/heypixel/heypixelmod/obsoverlay/music/a/d	com/heypixel/heypixelmod/obsoverlay/music/a/RecoveredMusicAD
com/heypixel/heypixelmod/obsoverlay/music/a/e	com/heypixel/heypixelmod/obsoverlay/music/a/RecoveredMusicAE
com/heypixel/heypixelmod/obsoverlay/music/a/f	com/heypixel/heypixelmod/obsoverlay/music/a/RecoveredMusicAF
com/heypixel/heypixelmod/obsoverlay/music/a/g	com/heypixel/heypixelmod/obsoverlay/music/a/RecoveredMusicAG
com/heypixel/heypixelmod/obsoverlay/music/a/h	com/heypixel/heypixelmod/obsoverlay/music/a/RecoveredMusicAH
com/heypixel/heypixelmod/obsoverlay/music/a/i	com/heypixel/heypixelmod/obsoverlay/music/a/RecoveredMusicAI
com/heypixel/heypixelmod/obsoverlay/music/a/j	com/heypixel/heypixelmod/obsoverlay/music/a/RecoveredMusicAJ
com/heypixel/heypixelmod/obsoverlay/music/a/k	com/heypixel/heypixelmod/obsoverlay/music/a/RecoveredMusicAK
com/heypixel/heypixelmod/obsoverlay/music/a	com/heypixel/heypixelmod/obsoverlay/music/RecoveredMusicA
com/heypixel/heypixelmod/obsoverlay/music/b	com/heypixel/heypixelmod/obsoverlay/music/RecoveredMusicB
com/heypixel/heypixelmod/obsoverlay/music/c	com/heypixel/heypixelmod/obsoverlay/music/RecoveredMusicC
com/heypixel/heypixelmod/obsoverlay/music/d	com/heypixel/heypixelmod/obsoverlay/music/RecoveredMusicD
com/heypixel/heypixelmod/obsoverlay/music/e	com/heypixel/heypixelmod/obsoverlay/music/RecoveredMusicE
com/heypixel/heypixelmod/obsoverlay/music/lyric/a	com/heypixel/heypixelmod/obsoverlay/music/lyric/RecoveredMusicLyricA
com/heypixel/heypixelmod/obsoverlay/music/lyric/b	com/heypixel/heypixelmod/obsoverlay/music/lyric/RecoveredMusicLyricB
com/heypixel/heypixelmod/obsoverlay/music/lyric/c	com/heypixel/heypixelmod/obsoverlay/music/lyric/RecoveredMusicLyricC
com/heypixel/heypixelmod/obsoverlay/music/nowplaying/a	com/heypixel/heypixelmod/obsoverlay/music/nowplaying/RecoveredMusicNowplayingA
com/heypixel/heypixelmod/obsoverlay/music/nowplaying/b	com/heypixel/heypixelmod/obsoverlay/music/nowplaying/RecoveredMusicNowplayingB
com/heypixel/heypixelmod/obsoverlay/music/nowplaying/c	com/heypixel/heypixelmod/obsoverlay/music/nowplaying/RecoveredMusicNowplayingC
com/heypixel/heypixelmod/obsoverlay/music/nowplaying/d	com/heypixel/heypixelmod/obsoverlay/music/nowplaying/RecoveredMusicNowplayingD
com/heypixel/heypixelmod/obsoverlay/music/nowplaying/e	com/heypixel/heypixelmod/obsoverlay/music/nowplaying/RecoveredMusicNowplayingE
com/heypixel/heypixelmod/obsoverlay/utils/a/a	com/heypixel/heypixelmod/obsoverlay/utils/a/RecoveredUtilsAA
com/heypixel/heypixelmod/obsoverlay/utils/a/b	com/heypixel/heypixelmod/obsoverlay/utils/a/RecoveredUtilsAB
com/heypixel/heypixelmod/obsoverlay/utils/a/c	com/heypixel/heypixelmod/obsoverlay/utils/a/RecoveredUtilsAC
com/heypixel/heypixelmod/obsoverlay/utils/a/d	com/heypixel/heypixelmod/obsoverlay/utils/a/RecoveredUtilsAD
com/heypixel/heypixelmod/obsoverlay/utils/a	com/heypixel/heypixelmod/obsoverlay/utils/RecoveredUtilsA
com/heypixel/heypixelmod/obsoverlay/utils/aa	com/heypixel/heypixelmod/obsoverlay/utils/RecoveredUtilsAa
com/heypixel/heypixelmod/obsoverlay/utils/ab	com/heypixel/heypixelmod/obsoverlay/utils/RecoveredUtilsAb
com/heypixel/heypixelmod/obsoverlay/utils/ac	com/heypixel/heypixelmod/obsoverlay/utils/RecoveredUtilsAc
com/heypixel/heypixelmod/obsoverlay/utils/ad	com/heypixel/heypixelmod/obsoverlay/utils/RecoveredUtilsAd
com/heypixel/heypixelmod/obsoverlay/utils/ae	com/heypixel/heypixelmod/obsoverlay/utils/RecoveredUtilsAe
com/heypixel/heypixelmod/obsoverlay/utils/af	com/heypixel/heypixelmod/obsoverlay/utils/RecoveredUtilsAf
com/heypixel/heypixelmod/obsoverlay/utils/ag	com/heypixel/heypixelmod/obsoverlay/utils/RecoveredUtilsAg
com/heypixel/heypixelmod/obsoverlay/utils/ah	com/heypixel/heypixelmod/obsoverlay/utils/RecoveredUtilsAh
com/heypixel/heypixelmod/obsoverlay/utils/ai	com/heypixel/heypixelmod/obsoverlay/utils/RecoveredUtilsAi
com/heypixel/heypixelmod/obsoverlay/utils/aj	com/heypixel/heypixelmod/obsoverlay/utils/RecoveredUtilsAj
com/heypixel/heypixelmod/obsoverlay/utils/ak	com/heypixel/heypixelmod/obsoverlay/utils/RecoveredUtilsAk
com/heypixel/heypixelmod/obsoverlay/utils/al	com/heypixel/heypixelmod/obsoverlay/utils/RecoveredUtilsAl
com/heypixel/heypixelmod/obsoverlay/utils/am	com/heypixel/heypixelmod/obsoverlay/utils/RecoveredUtilsAm
com/heypixel/heypixelmod/obsoverlay/utils/b/a	com/heypixel/heypixelmod/obsoverlay/utils/b/RecoveredUtilsBA
com/heypixel/heypixelmod/obsoverlay/utils/b/b	com/heypixel/heypixelmod/obsoverlay/utils/b/RecoveredUtilsBB
com/heypixel/heypixelmod/obsoverlay/utils/b/c	com/heypixel/heypixelmod/obsoverlay/utils/b/RecoveredUtilsBC
com/heypixel/heypixelmod/obsoverlay/utils/b/d	com/heypixel/heypixelmod/obsoverlay/utils/b/RecoveredUtilsBD
com/heypixel/heypixelmod/obsoverlay/utils/b/e	com/heypixel/heypixelmod/obsoverlay/utils/b/RecoveredUtilsBE
com/heypixel/heypixelmod/obsoverlay/utils/b	com/heypixel/heypixelmod/obsoverlay/utils/RecoveredUtilsB
com/heypixel/heypixelmod/obsoverlay/utils/c/a	com/heypixel/heypixelmod/obsoverlay/utils/c/RecoveredUtilsCA
com/heypixel/heypixelmod/obsoverlay/utils/c/b	com/heypixel/heypixelmod/obsoverlay/utils/c/RecoveredUtilsCB
com/heypixel/heypixelmod/obsoverlay/utils/c/c	com/heypixel/heypixelmod/obsoverlay/utils/c/RecoveredUtilsCC
com/heypixel/heypixelmod/obsoverlay/utils/c/d	com/heypixel/heypixelmod/obsoverlay/utils/c/RecoveredUtilsCD
com/heypixel/heypixelmod/obsoverlay/utils/c	com/heypixel/heypixelmod/obsoverlay/utils/RecoveredUtilsC
com/heypixel/heypixelmod/obsoverlay/utils/d/a/a	com/heypixel/heypixelmod/obsoverlay/utils/d/a/RecoveredUtilsDAA
com/heypixel/heypixelmod/obsoverlay/utils/d/a	com/heypixel/heypixelmod/obsoverlay/utils/d/RecoveredUtilsDA
com/heypixel/heypixelmod/obsoverlay/utils/d/b	com/heypixel/heypixelmod/obsoverlay/utils/d/RecoveredUtilsDB
com/heypixel/heypixelmod/obsoverlay/utils/d/c	com/heypixel/heypixelmod/obsoverlay/utils/d/RecoveredUtilsDC
com/heypixel/heypixelmod/obsoverlay/utils/d/d	com/heypixel/heypixelmod/obsoverlay/utils/d/RecoveredUtilsDD
com/heypixel/heypixelmod/obsoverlay/utils/d	com/heypixel/heypixelmod/obsoverlay/utils/RecoveredUtilsD
com/heypixel/heypixelmod/obsoverlay/utils/e/a/a	com/heypixel/heypixelmod/obsoverlay/utils/e/a/RecoveredUtilsEAA
com/heypixel/heypixelmod/obsoverlay/utils/e/a	com/heypixel/heypixelmod/obsoverlay/utils/e/RecoveredUtilsEA
com/heypixel/heypixelmod/obsoverlay/utils/e/b/a	com/heypixel/heypixelmod/obsoverlay/utils/e/b/RecoveredUtilsEBA
com/heypixel/heypixelmod/obsoverlay/utils/e/b/b	com/heypixel/heypixelmod/obsoverlay/utils/e/b/RecoveredUtilsEBB
com/heypixel/heypixelmod/obsoverlay/utils/e/b/c	com/heypixel/heypixelmod/obsoverlay/utils/e/b/RecoveredUtilsEBC
com/heypixel/heypixelmod/obsoverlay/utils/e/b/d	com/heypixel/heypixelmod/obsoverlay/utils/e/b/RecoveredUtilsEBD
com/heypixel/heypixelmod/obsoverlay/utils/e/c/a	com/heypixel/heypixelmod/obsoverlay/utils/e/c/RecoveredUtilsECA
com/heypixel/heypixelmod/obsoverlay/utils/e/d/a	com/heypixel/heypixelmod/obsoverlay/utils/e/d/RecoveredUtilsEDA
com/heypixel/heypixelmod/obsoverlay/utils/e	com/heypixel/heypixelmod/obsoverlay/utils/RecoveredUtilsE
com/heypixel/heypixelmod/obsoverlay/utils/f/a	com/heypixel/heypixelmod/obsoverlay/utils/f/RecoveredUtilsFA
com/heypixel/heypixelmod/obsoverlay/utils/f/b	com/heypixel/heypixelmod/obsoverlay/utils/f/RecoveredUtilsFB
com/heypixel/heypixelmod/obsoverlay/utils/f/c	com/heypixel/heypixelmod/obsoverlay/utils/f/RecoveredUtilsFC
com/heypixel/heypixelmod/obsoverlay/utils/f/d	com/heypixel/heypixelmod/obsoverlay/utils/f/RecoveredUtilsFD
com/heypixel/heypixelmod/obsoverlay/utils/f/e	com/heypixel/heypixelmod/obsoverlay/utils/f/RecoveredUtilsFE
com/heypixel/heypixelmod/obsoverlay/utils/f	com/heypixel/heypixelmod/obsoverlay/utils/RecoveredUtilsF
com/heypixel/heypixelmod/obsoverlay/utils/g	com/heypixel/heypixelmod/obsoverlay/utils/RecoveredUtilsG
com/heypixel/heypixelmod/obsoverlay/utils/h	com/heypixel/heypixelmod/obsoverlay/utils/RecoveredUtilsH
com/heypixel/heypixelmod/obsoverlay/utils/i	com/heypixel/heypixelmod/obsoverlay/utils/RecoveredUtilsI
com/heypixel/heypixelmod/obsoverlay/utils/j	com/heypixel/heypixelmod/obsoverlay/utils/RecoveredUtilsJ
com/heypixel/heypixelmod/obsoverlay/utils/k	com/heypixel/heypixelmod/obsoverlay/utils/RecoveredUtilsK
com/heypixel/heypixelmod/obsoverlay/utils/l	com/heypixel/heypixelmod/obsoverlay/utils/RecoveredUtilsL
com/heypixel/heypixelmod/obsoverlay/utils/m	com/heypixel/heypixelmod/obsoverlay/utils/RecoveredUtilsM
com/heypixel/heypixelmod/obsoverlay/utils/n	com/heypixel/heypixelmod/obsoverlay/utils/RecoveredUtilsN
com/heypixel/heypixelmod/obsoverlay/utils/o	com/heypixel/heypixelmod/obsoverlay/utils/RecoveredUtilsO
com/heypixel/heypixelmod/obsoverlay/utils/p	com/heypixel/heypixelmod/obsoverlay/utils/RecoveredUtilsP
com/heypixel/heypixelmod/obsoverlay/utils/q	com/heypixel/heypixelmod/obsoverlay/utils/RecoveredUtilsQ
com/heypixel/heypixelmod/obsoverlay/utils/r	com/heypixel/heypixelmod/obsoverlay/utils/RecoveredUtilsR
com/heypixel/heypixelmod/obsoverlay/utils/renderer/a	com/heypixel/heypixelmod/obsoverlay/utils/renderer/RecoveredUtilsRendererA
com/heypixel/heypixelmod/obsoverlay/utils/renderer/b	com/heypixel/heypixelmod/obsoverlay/utils/renderer/RecoveredUtilsRendererB
com/heypixel/heypixelmod/obsoverlay/utils/renderer/c	com/heypixel/heypixelmod/obsoverlay/utils/renderer/RecoveredUtilsRendererC
com/heypixel/heypixelmod/obsoverlay/utils/renderer/d	com/heypixel/heypixelmod/obsoverlay/utils/renderer/RecoveredUtilsRendererD
com/heypixel/heypixelmod/obsoverlay/utils/renderer/e	com/heypixel/heypixelmod/obsoverlay/utils/renderer/RecoveredUtilsRendererE
com/heypixel/heypixelmod/obsoverlay/utils/renderer/f	com/heypixel/heypixelmod/obsoverlay/utils/renderer/RecoveredUtilsRendererF
com/heypixel/heypixelmod/obsoverlay/utils/renderer/g	com/heypixel/heypixelmod/obsoverlay/utils/renderer/RecoveredUtilsRendererG
com/heypixel/heypixelmod/obsoverlay/utils/renderer/h	com/heypixel/heypixelmod/obsoverlay/utils/renderer/RecoveredUtilsRendererH
com/heypixel/heypixelmod/obsoverlay/utils/renderer/i	com/heypixel/heypixelmod/obsoverlay/utils/renderer/RecoveredUtilsRendererI
com/heypixel/heypixelmod/obsoverlay/utils/renderer/j	com/heypixel/heypixelmod/obsoverlay/utils/renderer/RecoveredUtilsRendererJ
com/heypixel/heypixelmod/obsoverlay/utils/renderer/k	com/heypixel/heypixelmod/obsoverlay/utils/renderer/RecoveredUtilsRendererK
com/heypixel/heypixelmod/obsoverlay/utils/renderer/l	com/heypixel/heypixelmod/obsoverlay/utils/renderer/RecoveredUtilsRendererL
com/heypixel/heypixelmod/obsoverlay/utils/renderer/text/a	com/heypixel/heypixelmod/obsoverlay/utils/renderer/text/RecoveredUtilsRendererTextA
com/heypixel/heypixelmod/obsoverlay/utils/renderer/text/b	com/heypixel/heypixelmod/obsoverlay/utils/renderer/text/RecoveredUtilsRendererTextB
com/heypixel/heypixelmod/obsoverlay/utils/renderer/text/c	com/heypixel/heypixelmod/obsoverlay/utils/renderer/text/RecoveredUtilsRendererTextC
com/heypixel/heypixelmod/obsoverlay/utils/renderer/text/d	com/heypixel/heypixelmod/obsoverlay/utils/renderer/text/RecoveredUtilsRendererTextD
com/heypixel/heypixelmod/obsoverlay/utils/renderer/text/e	com/heypixel/heypixelmod/obsoverlay/utils/renderer/text/RecoveredUtilsRendererTextE
com/heypixel/heypixelmod/obsoverlay/utils/s	com/heypixel/heypixelmod/obsoverlay/utils/RecoveredUtilsS
com/heypixel/heypixelmod/obsoverlay/utils/t	com/heypixel/heypixelmod/obsoverlay/utils/RecoveredUtilsT
com/heypixel/heypixelmod/obsoverlay/utils/u	com/heypixel/heypixelmod/obsoverlay/utils/RecoveredUtilsU
com/heypixel/heypixelmod/obsoverlay/utils/v	com/heypixel/heypixelmod/obsoverlay/utils/RecoveredUtilsV
com/heypixel/heypixelmod/obsoverlay/utils/w	com/heypixel/heypixelmod/obsoverlay/utils/RecoveredUtilsW
com/heypixel/heypixelmod/obsoverlay/utils/x	com/heypixel/heypixelmod/obsoverlay/utils/RecoveredUtilsX
com/heypixel/heypixelmod/obsoverlay/utils/y	com/heypixel/heypixelmod/obsoverlay/utils/RecoveredUtilsY
com/heypixel/heypixelmod/obsoverlay/utils/z	com/heypixel/heypixelmod/obsoverlay/utils/RecoveredUtilsZ